"시점",전국,서울특별시,부산광역시,대구광역시,인천광역시,광주광역시,대전광역시,울산광역시,세종특별자치시,경기도,강원특별자치도,충청북도,충청남도,전북특별자치도,전라남도,경상북도,경상남도,제주특별자치도
"시점",조출생률(천명당),조출생률(천명당),조출생률(천명당),조출생률(천명당),조출생률(천명당),조출생률(천명당),조출생률(천명당),조출생률(천명당),조출생률(천명당),조출생률(천명당),조출생률(천명당),조출생률(천명당),조출생률(천명당),조출생률(천명당),조출생률(천명당),조출생률(천명당),조출생률(천명당),조출생률(천명당)
"2000.01",15.4,14.8,11.6,14.4,15.6,18.8,16.1,17.0,-,17.9,14.9,15.1,14.8,15.0,14.7,14.1,15.1,18.5
"2000.02",15.1,14.5,12.0,13.6,15.4,17.8,16.2,17.1,-,17.5,14.4,14.6,15.0,14.5,13.9,14.5,14.8,17.9
"2000.03",14.9,14.3,12.2,14.4,15.4,16.4,15.8,17.5,-,17.3,13.7,14.3,14.0,14.1,13.3,13.9,15.2,17.7
"2000.04",13.6,12.8,11.1,13.4,13.0,15.9,15.0,16.1,-,15.8,12.7,13.5,13.2,12.5,12.3,12.9,14.5,15.4
"2000.05",13.0,12.4,10.9,13.1,13.0,14.7,13.7,15.0,-,14.8,12.3,13.1,12.2,12.0,11.6,12.5,13.5,16.0
"2000.06",12.0,11.5,9.5,11.3,12.6,13.8,12.5,13.5,-,14.1,11.7,11.7,11.5,11.4,10.8,10.8,11.8,13.8
"2000.07",12.0,11.4,9.7,11.4,12.5,14.0,12.4,14.1,-,13.9,11.4,11.7,11.5,11.4,10.7,11.4,11.8,14.4
"2000.08",12.6,12.1,10.2,12.2,12.8,14.3,13.3,14.0,-,14.6,11.5,12.1,11.9,11.5,11.7,11.6,12.5,14.5
"2000.09",13.6,13.0,11.0,12.5,14.1,16.4,14.3,15.3,-,15.7,12.4,12.8,13.4,13.0,12.1,12.6,13.2,16.7
"2000.10",13.5,13.3,11.1,13.2,13.4,15.4,14.2,15.7,-,15.7,11.7,13.2,12.3,11.8,11.9,12.1,13.8,15.7
"2000.11",13.4,13.1,10.9,13.0,13.1,14.8,13.9,14.8,-,15.9,12.3,13.0,12.4,12.3,11.6,12.6,13.4,16.3
"2000.12",12.6,12.0,9.9,12.5,12.8,14.0,13.4,13.8,-,14.5,11.4,12.7,12.6,11.7,11.3,11.9,12.6,14.9
"2001.01",14.0,13.7,10.6,13.3,14.2,17.4,15.3,15.1,-,16.2,13.5,14.5,13.8,14.2,13.2,12.4,13.3,14.6
"2001.02",13.6,12.8,10.9,12.3,13.9,14.9,14.4,15.2,-,15.9,12.4,14.3,13.6,13.1,12.7,12.7,13.9,15.8
"2001.03",13.4,12.5,11.2,12.9,13.4,15.3,14.6,15.4,-,15.5,12.5,13.5,13.0,12.3,12.8,12.8,13.5,15.9
"2001.04",12.3,11.7,10.1,11.6,12.4,12.7,13.2,13.6,-,14.1,11.5,12.6,11.8,11.6,11.6,11.6,12.5,14.2
"2001.05",11.5,11.0,9.4,11.1,11.6,12.6,12.1,13.0,-,13.2,10.9,11.8,11.2,10.7,9.9,11.0,11.6,14.9
"2001.06",10.6,9.9,8.5,10.1,11.2,12.2,10.6,11.9,-,12.4,9.8,10.4,10.7,10.5,9.3,10.1,10.9,11.7
"2001.07",10.4,9.8,8.4,10.0,10.8,11.6,11.3,11.2,-,12.3,10.3,9.3,10.1,9.7,9.5,9.8,10.4,12.0
"2001.08",10.8,10.5,8.9,10.5,10.8,11.8,11.4,11.4,-,12.4,10.3,9.5,10.7,10.2,9.6,10.2,10.7,12.7
"2001.09",11.6,11.0,9.5,11.1,11.7,13.5,12.3,13.1,-,13.3,10.2,11.9,11.6,11.1,10.4,10.6,11.8,12.9
"2001.10",11.0,10.6,9.2,10.5,11.3,12.8,11.3,12.0,-,12.6,9.7,10.4,10.2,10.5,10.0,10.4,11.3,12.8
"2001.11",10.8,10.5,8.8,10.5,11.3,11.8,11.7,12.0,-,12.2,9.9,10.9,10.8,10.2,9.6,10.1,11.0,13.2
"2001.12",10.3,9.8,8.3,9.8,10.7,11.8,10.7,12.1,-,11.8,9.5,9.9,9.9,9.8,9.5,9.8,10.4,13.7
"2002.01",12.0,11.6,9.0,11.0,12.7,14.2,12.9,12.6,-,14.0,11.6,12.2,11.4,11.5,11.2,10.7,11.4,12.3
"2002.02",11.8,11.5,9.3,10.8,12.3,13.4,12.5,12.9,-,13.8,10.9,11.7,11.3,11.3,11.0,10.6,11.3,13.3
"2002.03",11.7,11.2,9.2,10.9,12.1,13.3,12.3,12.6,-,13.5,11.6,11.3,11.3,10.9,10.6,10.9,11.9,13.3
"2002.04",11.0,10.5,9.0,10.2,10.3,12.2,11.8,11.4,-,13.0,10.9,10.7,11.3,10.1,9.6,10.4,10.9,12.1
"2002.05",10.3,10.0,8.2,9.6,10.4,11.7,10.9,10.7,-,12.0,9.7,10.6,10.1,9.6,9.0,9.4,10.0,11.6
"2002.06",9.5,9.2,7.6,8.6,9.7,10.4,10.2,10.2,-,11.1,9.4,9.5,8.7,8.6,8.4,8.8,9.5,11.1
"2002.07",9.9,9.6,7.8,9.4,9.7,10.5,10.6,10.4,-,11.3,9.4,9.7,9.5,9.6,8.9,9.3,10.2,10.9
"2002.08",9.7,9.4,7.7,9.1,9.7,10.9,10.6,10.1,-,11.2,9.5,9.8,9.3,9.3,8.7,8.8,9.7,12.0
"2002.09",10.0,9.5,8.2,9.2,10.0,11.2,10.7,10.5,-,11.7,9.5,9.9,9.6,9.3,8.9,8.9,10.3,11.4
"2002.10",9.6,9.3,7.7,9.1,9.8,10.6,10.7,10.6,-,11.1,9.0,9.4,9.1,9.3,8.6,8.5,10.0,10.8
"2002.11",9.6,9.3,7.4,9.1,9.4,10.5,10.2,10.5,-,11.2,8.6,9.6,9.3,8.7,8.6,8.6,9.7,12.3
"2002.12",9.0,8.5,7.5,8.3,9.0,9.6,9.5,9.6,-,10.3,9.1,8.7,8.9,8.8,7.7,8.1,9.1,11.7
"2003.01",11.1,10.7,8.5,10.0,11.3,13.3,12.1,10.9,-,13.0,10.4,11.0,11.0,11.1,10.1,9.6,10.9,11.6
"2003.02",11.3,11.1,8.8,10.7,11.7,13.3,12.2,11.7,-,13.2,10.4,10.5,11.1,10.6,10.2,10.3,10.8,12.9
"2003.03",11.2,10.6,8.8,10.7,11.3,12.0,12.5,11.7,-,13.5,10.1,10.3,10.8,10.3,9.4,10.8,11.3,13.2
"2003.04",10.8,10.2,8.9,10.4,11.5,11.9,11.6,12.2,-,12.6,10.4,10.0,10.2,9.5,9.4,10.1,11.3,11.8
"2003.05",10.0,9.8,7.9,9.5,10.9,11.3,10.3,11.3,-,11.4,9.1,9.3,9.4,9.3,8.6,8.9,10.4,12.1
"2003.06",9.3,9.1,7.3,8.6,9.1,9.8,10.3,9.7,-,10.8,9.2,8.9,9.2,8.9,8.0,8.4,9.4,10.8
"2003.07",9.3,9.0,7.1,8.6,9.3,10.4,9.7,10.1,-,10.8,8.6,9.7,9.0,8.8,8.3,8.3,9.1,11.5
"2003.08",9.3,8.9,7.2,9.0,9.6,10.2,9.7,10.3,-,10.9,8.4,8.8,9.0,8.5,8.1,8.4,9.3,10.9
"2003.09",10.5,10.0,8.4,10.2,10.6,12.4,11.2,11.6,-,12.4,9.0,10.1,9.7,9.2,9.4,9.5,10.5,12.4
"2003.10",10.6,10.4,8.6,10.3,10.6,11.5,11.2,10.9,-,12.3,9.3,10.8,9.6,9.2,9.5,9.5,10.4,12.4
"2003.11",10.3,10.1,8.3,9.7,10.2,11.2,11.3,11.1,-,11.9,8.9,9.7,9.4,9.7,8.9,9.5,10.1,12.1
"2003.12",9.5,9.4,7.8,8.8,9.1,10.2,10.1,10.3,-,10.9,8.8,9.1,9.1,8.8,8.0,8.6,9.5,11.7
"2004.01",11.2,11.2,8.3,10.2,11.0,13.2,12.3,11.4,-,13.0,10.0,11.2,10.7,10.8,10.7,9.6,10.9,11.8
"2004.02",10.7,10.6,8.1,10.0,10.8,11.9,11.5,11.5,-,12.5,10.0,10.7,10.1,9.9,9.6,9.5,10.3,12.1
"2004.03",11.1,10.7,8.9,10.8,11.2,12.0,11.6,11.7,-,12.8,10.5,10.6,10.7,10.0,9.8,9.8,11.3,12.3
"2004.04",10.2,10.2,8.0,9.6,9.7,10.6,10.5,10.7,-,12.0,9.2,9.6,9.8,9.1,8.9,9.9,10.3,11.5
"2004.05",9.5,9.4,7.5,8.9,9.6,9.9,9.9,9.6,-,11.0,9.0,9.3,9.7,8.3,8.6,8.3,9.4,10.9
"2004.06",9.1,9.1,7.1,8.0,9.2,9.4,9.9,10.0,-,10.5,8.4,8.5,9.0,8.6,8.0,8.0,9.1,10.0
"2004.07",9.3,9.2,7.2,8.5,9.4,9.5,9.5,9.4,-,10.5,9.0,9.6,9.0,8.8,8.2,8.5,9.3,10.7
"2004.08",9.3,9.2,7.2,9.1,9.2,10.0,10.2,9.9,-,10.7,8.6,9.4,9.6,8.3,8.3,7.9,9.5,10.6
"2004.09",9.9,9.9,7.9,9.1,9.6,10.5,10.2,10.7,-,11.5,8.7,9.9,10.1,8.8,8.4,8.5,10.0,10.9
"2004.10",9.9,10.1,7.5,9.5,9.8,10.1,11.1,10.5,-,11.5,8.9,9.4,9.9,8.8,8.2,8.9,10.2,10.9
"2004.11",9.4,9.5,7.4,8.8,9.2,10.2,10.1,10.1,-,11.1,8.3,8.8,9.2,8.6,7.6,8.0,9.5,9.9
"2004.12",8.6,8.5,7.0,7.8,8.4,8.9,8.6,8.9,-,9.8,7.9,8.4,8.6,8.1,7.2,7.6,8.7,10.7
"2005.01",10.0,10.1,7.5,8.7,9.9,11.4,12.0,10.4,-,11.4,9.4,10.1,9.9,10.1,9.3,8.9,9.6,9.7
"2005.02",9.6,9.6,7.5,8.8,9.1,10.6,9.9,9.8,-,11.0,9.1,9.5,9.4,8.8,8.7,8.8,9.7,11.0
"2005.03",9.9,9.8,7.9,9.3,9.6,10.7,10.8,10.5,-,11.3,8.9,9.9,10.0,9.2,9.2,9.1,9.9,11.9
"2005.04",9.2,9.0,6.9,8.7,8.7,9.7,9.3,9.8,-,10.6,8.5,9.1,9.0,8.5,8.2,8.6,9.5,10.2
"2005.05",8.7,8.6,6.9,7.9,8.3,8.9,9.5,9.2,-,10.1,8.0,8.2,8.6,7.9,7.5,8.5,8.8,10.0
"2005.06",8.4,8.1,6.8,7.6,8.5,8.5,9.2,9.1,-,9.7,8.1,7.6,8.4,8.0,7.9,7.7,8.5,10.0
"2005.07",8.4,8.2,6.1,7.8,8.2,9.2,9.0,8.8,-,9.8,7.4,8.1,8.2,7.8,7.5,7.9,8.2,10.0
"2005.08",8.7,8.5,7.0,8.1,9.1,8.5,9.2,9.5,-,10.0,8.5,8.7,9.1,7.9,7.3,7.9,8.6,9.5
"2005.09",9.3,9.2,7.4,8.6,9.2,9.9,9.6,10.8,-,10.7,8.9,9.5,8.9,8.5,7.7,8.5,9.8,10.6
"2005.10",9.0,8.9,7.0,8.3,8.7,9.2,9.4,9.9,-,10.5,8.0,8.8,9.1,8.2,7.5,8.4,9.0,10.8
"2005.11",8.9,8.9,6.9,8.2,9.2,9.8,9.2,8.8,-,10.2,8.2,8.7,8.8,8.3,8.3,8.1,8.9,10.1
"2005.12",8.0,7.9,6.4,7.3,8.3,7.7,8.4,9.3,-,9.1,7.2,7.9,8.3,6.7,6.9,7.4,8.1,9.8
"2006.01",9.8,9.7,7.4,8.6,9.7,11.4,10.9,10.1,-,11.1,9.2,10.0,10.3,9.6,9.0,8.9,9.7,10.4
"2006.02",10.0,10.0,7.8,8.6,9.7,10.8,10.3,10.6,-,11.5,9.2,9.6,9.9,9.2,9.1,9.2,10.6,11.4
"2006.03",9.9,10.0,7.6,9.2,9.2,10.6,11.2,10.3,-,11.5,9.4,9.0,10.0,8.9,8.8,9.2,9.9,11.0
"2006.04",9.4,9.4,7.4,8.3,9.5,9.9,10.0,9.8,-,10.8,8.1,9.1,10.0,8.3,8.4,8.5,9.4,10.1
"2006.05",9.1,9.0,7.1,8.0,8.9,9.9,9.5,9.9,-,10.6,8.1,9.1,9.3,7.9,8.1,8.1,9.3,9.7
"2006.06",8.8,8.8,6.8,7.7,8.6,8.9,9.7,9.6,-,10.3,7.4,8.5,9.0,7.9,7.6,8.1,8.7,9.9
"2006.07",8.5,8.3,6.4,7.3,8.8,8.7,9.0,8.9,-,9.7,7.8,8.7,8.7,8.0,7.7,7.6,8.7,10.1
"2006.08",9.0,9.0,7.0,8.1,8.9,9.0,9.6,9.9,-,10.4,8.2,8.9,9.1,8.3,7.7,7.9,9.2,10.4
"2006.09",9.6,9.5,7.3,8.6,9.3,10.3,10.2,10.5,-,11.0,8.5,9.1,9.9,8.6,8.3,8.8,9.6,11.6
"2006.10",9.3,9.3,7.5,8.3,9.1,9.9,9.8,9.7,-,10.7,8.0,8.7,9.4,7.9,7.8,8.7,9.4,10.2
"2006.11",9.2,9.3,7.1,8.1,9.2,9.1,9.9,9.7,-,10.8,7.9,8.8,9.5,8.1,8.3,8.2,9.3,10.9
"2006.12",8.4,8.6,6.3,7.0,8.2,8.4,8.9,9.2,-,9.7,7.4,8.3,8.8,7.1,7.0,7.6,8.4,10.4
"2007.01",10.5,10.5,7.9,8.8,10.2,11.5,11.2,10.9,-,12.0,9.6,10.0,10.6,10.5,10.2,9.4,10.7,11.7
"2007.02",10.5,10.3,7.9,9.3,10.4,11.4,11.1,11.4,-,12.1,9.8,10.2,10.8,9.9,9.5,9.9,10.4,10.9
"2007.03",10.5,10.3,8.1,9.2,10.3,10.9,11.3,11.1,-,12.1,9.1,10.1,10.6,9.6,9.4,10.0,10.6,12.4
"2007.04",10.0,10.0,7.6,8.8,10.1,10.7,11.0,10.5,-,11.3,9.4,9.9,9.8,9.4,9.0,9.3,10.1,10.6
"2007.05",9.6,9.3,7.5,8.6,9.3,9.6,9.9,11.0,-,10.9,8.8,9.7,9.8,8.7,8.6,9.1,10.2,9.4
"2007.06",9.2,9.1,7.1,8.3,9.2,9.9,9.9,9.9,-,10.3,8.2,9.4,9.5,8.3,8.6,8.7,9.5,10.2
"2007.07",9.5,9.4,7.3,8.2,9.7,9.4,9.9,10.2,-,10.8,8.5,9.2,10.1,8.4,8.3,8.8,9.8,11.3
"2007.08",10.6,10.2,8.4,9.7,10.5,10.7,11.3,11.1,-,12.1,9.6,10.2,11.2,9.7,9.2,9.5,11.3,11.8
"2007.09",11.1,10.9,8.8,9.9,11.0,11.4,11.3,11.9,-,12.7,9.9,11.0,11.5,10.3,10.3,9.9,11.7,11.7
"2007.10",10.9,10.7,8.8,9.4,11.0,11.2,11.9,11.8,-,12.4,9.9,11.5,11.0,10.0,9.8,10.2,11.5,11.2
"2007.11",10.4,10.1,8.4,9.2,10.3,10.6,11.1,11.6,-,11.8,8.9,10.2,10.6,9.3,9.6,9.5,10.8,10.9
"2007.12",8.8,8.6,7.0,8.1,9.2,8.7,8.8,9.7,-,10.0,7.5,8.6,9.4,7.1,8.2,8.0,9.3,10.6
"2008.01",11.2,11.2,8.6,9.8,10.7,12.1,12.5,11.5,-,12.8,10.0,11.1,11.5,10.8,10.4,10.2,11.2,11.5
"2008.02",10.1,10.0,7.7,8.9,9.8,10.8,10.5,10.6,-,11.6,9.1,10.0,10.8,9.1,9.1,9.3,10.4,10.5
"2008.03",9.9,9.7,7.9,8.5,10.3,10.3,10.0,10.7,-,11.2,8.9,10.0,9.9,8.8,9.2,9.5,10.1,10.6
"2008.04",9.6,9.4,7.6,8.8,9.8,9.7,10.4,10.6,-,10.8,7.8,9.2,9.9,8.9,8.5,9.3,10.1,9.0
"2008.05",9.0,8.8,7.0,7.9,9.2,9.1,9.9,9.7,-,10.3,7.5,8.7,9.9,8.2,7.9,8.4,9.2,9.0
"2008.06",8.7,8.6,6.6,7.7,8.6,9.3,9.4,9.8,-,9.8,7.8,8.8,9.1,7.4,7.9,8.0,8.8,9.0
"2008.07",9.1,8.9,7.3,8.0,9.2,9.8,9.3,10.0,-,10.2,8.5,9.1,9.1,8.2,8.4,8.6,9.3,10.1
"2008.08",9.0,8.8,7.4,7.7,8.9,10.1,10.1,9.8,-,10.2,7.6,8.9,9.5,8.4,8.2,8.2,9.4,9.2
"2008.09",9.9,9.7,7.8,8.4,9.9,9.6,10.9,11.1,-,11.3,8.5,9.6,10.4,9.3,8.6,8.8,10.5,11.2
"2008.10",9.5,9.5,7.6,8.5,9.6,9.7,10.0,10.7,-,10.7,7.9,9.1,9.9,8.4,8.0,8.9,10.3,10.5
"2008.11",9.0,8.8,7.5,7.6,9.1,9.1,9.7,9.8,-,10.0,7.8,9.0,9.5,8.0,8.1,8.6,9.6,10.0
"2008.12",8.3,8.1,6.7,7.2,8.6,8.1,8.1,9.0,-,9.2,7.5,8.3,8.9,7.1,7.6,7.8,9.0,9.4
"2009.01",10.5,10.3,8.0,8.9,10.6,11.6,11.5,11.1,-,11.7,9.2,10.8,11.0,10.3,10.4,9.6,10.5,10.9
"2009.02",9.7,9.2,7.7,8.2,9.8,10.0,10.1,11.1,-,10.9,9.0,9.5,10.0,8.8,8.9,9.4,10.3,9.3
"2009.03",9.5,9.1,7.4,8.0,9.9,9.6,10.0,10.3,-,10.7,8.4,9.6,9.8,8.8,8.6,8.9,10.1,11.4
"2009.04",9.2,9.1,7.1,8.1,9.5,9.5,9.2,9.9,-,10.2,8.4,9.5,9.7,8.4,8.5,8.7,9.6,9.7
"2009.05",8.5,8.2,6.9,7.3,8.8,9.1,8.6,9.9,-,9.5,7.6,8.6,9.4,7.9,8.0,7.7,8.9,8.8
"2009.06",8.4,8.2,6.6,7.5,8.2,8.0,8.5,9.5,-,9.4,7.5,8.4,8.8,7.6,7.9,8.0,8.6,9.5
"2009.07",8.5,8.3,6.8,7.6,8.3,8.4,9.1,9.2,-,9.6,7.5,8.9,8.9,7.7,7.8,7.9,8.8,9.0
"2009.08",8.6,8.5,7.0,7.4,8.6,8.8,9.3,9.5,-,9.4,7.4,8.5,9.3,8.1,8.0,7.9,9.2,9.1
"2009.09",9.4,9.0,7.5,8.3,9.2,9.7,10.4,10.4,-,10.5,8.3,10.0,10.2,8.3,8.8,8.4,9.9,8.9
"2009.10",8.9,8.9,7.1,8.0,8.9,9.3,9.2,9.6,-,10.1,7.7,8.5,9.3,8.2,8.1,8.3,9.3,10.0
"2009.11",8.6,8.5,6.7,7.4,8.6,8.9,8.8,9.8,-,9.5,7.8,9.2,9.1,7.4,8.0,8.2,9.0,9.8
"2009.12",8.0,7.9,6.1,6.7,8.1,7.4,8.0,8.9,-,8.8,7.6,8.1,8.8,7.1,7.3,7.5,8.4,9.7
"2010.01",10.2,10.0,8.3,8.5,10.2,10.6,10.4,10.8,-,11.3,8.5,10.3,10.5,10.1,10.1,9.3,10.4,10.7
"2010.02",9.6,9.3,7.6,8.4,9.8,9.8,10.3,10.5,-,10.5,8.5,10.1,9.8,9.0,8.9,9.3,10.4,9.7
"2010.03",9.7,9.6,7.8,8.6,9.6,10.1,9.6,10.3,-,10.7,8.9,9.7,10.1,8.9,9.1,9.0,10.2,10.6
"2010.04",9.4,9.1,8.0,8.0,9.4,9.9,9.8,10.4,-,10.3,8.0,9.3,10.2,8.9,8.7,8.6,9.8,9.7
"2010.05",8.7,8.6,6.8,8.3,9.1,9.2,8.7,8.7,-,9.7,7.8,8.6,9.3,8.0,8.0,8.2,9.1,9.3
"2010.06",8.8,8.6,7.4,7.6,8.9,8.6,8.9,9.4,-,9.7,7.9,9.1,9.6,8.0,7.9,8.6,9.1,9.1
"2010.07",8.8,8.4,7.2,8.0,8.8,9.1,9.0,9.6,-,9.8,8.0,9.3,9.2,7.7,8.4,7.9,9.0,9.3
"2010.08",9.1,8.7,7.5,7.9,9.3,9.2,9.4,9.9,-,10.1,7.9,9.1,9.1,8.5,8.2,8.6,9.6,10.0
"2010.09",10.3,9.8,8.6,9.0,10.1,10.8,10.6,11.6,-,11.6,8.6,10.8,11.1,9.5,9.3,9.4,10.7,11.0
"2010.10",10.3,10.0,8.6,9.2,10.2,10.6,10.1,11.5,-,11.6,8.7,10.1,10.4,9.7,9.0,9.7,11.0,10.8
"2010.11",10.1,9.8,8.6,8.7,10.2,10.2,10.5,10.9,-,11.3,8.5,10.4,10.3,8.8,9.5,9.5,10.3,10.7
"2010.12",8.4,7.9,6.9,6.9,8.1,8.4,8.1,9.5,-,9.5,7.6,8.4,8.9,7.3,7.6,8.4,9.0,9.5
"2011.01",11.2,11.0,9.2,9.7,11.2,11.7,11.5,12.0,-,12.4,9.3,11.3,11.6,11.3,11.1,10.6,11.2,11.4
"2011.02",9.9,9.2,8.1,8.9,10.0,10.4,10.7,10.9,-,11.2,8.8,9.9,10.8,9.2,9.5,10.0,10.4,10.3
"2011.03",10.2,9.6,8.5,8.9,10.0,10.7,10.9,11.5,-,11.3,9.0,10.4,10.9,9.2,9.6,9.9,11.0,10.6
"2011.04",9.8,9.4,8.2,9.0,10.2,10.2,10.3,11.0,-,10.7,8.6,9.9,10.2,9.1,8.8,9.3,10.9,10.5
"2011.05",9.2,8.8,7.8,7.9,9.0,9.0,10.0,10.0,-,10.2,8.3,9.0,9.9,8.4,8.1,8.8,9.8,10.3
"2011.06",8.9,8.5,7.8,7.6,8.8,9.2,9.6,9.8,-,9.9,7.8,9.1,9.2,8.6,8.4,9.0,9.5,8.3
"2011.07",9.0,8.6,7.4,7.7,9.1,9.4,9.4,9.9,-,9.8,8.8,9.3,9.5,8.1,8.7,8.4,9.4,10.1
"2011.08",9.2,8.9,7.9,8.2,9.6,9.2,9.7,9.9,-,10.3,7.5,9.6,9.9,8.4,8.4,9.0,9.7,9.0
"2011.09",9.5,9.1,8.1,8.7,9.6,9.7,9.5,10.4,-,10.4,7.6,10.2,9.7,8.7,8.6,9.2,10.1,9.6
"2011.10",9.0,8.9,7.5,8.2,9.1,9.2,10.0,9.6,-,9.9,7.5,9.4,9.1,8.4,8.5,8.3,9.4,9.0
"2011.11",9.1,8.9,7.6,8.2,9.3,9.1,9.1,10.0,-,10.1,7.9,8.8,9.1,8.2,8.2,8.5,9.4,9.9
"2011.12",8.0,7.8,6.7,7.2,8.0,7.5,8.2,8.6,-,8.7,7.2,8.2,8.3,7.1,7.2,7.9,8.7,9.9
"2012.01",10.6,10.3,8.6,9.1,10.8,11.1,11.1,11.1,-,11.5,8.2,10.7,11.1,10.1,10.9,10.2,11.1,10.9
"2012.02",10.2,9.8,8.8,9.2,10.1,11.5,10.5,11.2,-,11.1,9.1,10.1,10.7,9.2,9.2,9.9,10.6,11.6
"2012.03",10.2,9.8,8.8,8.9,10.6,10.4,10.6,11.7,-,11.0,8.7,10.5,10.9,8.8,9.0,9.9,10.7,11.3
"2012.04",9.7,9.3,8.3,9.2,10.0,10.0,10.6,11.3,-,10.5,8.1,9.9,9.3,9.1,8.8,9.2,10.7,10.8
"2012.05",9.2,8.9,7.8,8.3,9.5,9.1,9.8,9.9,-,10.1,7.5,9.4,9.3,8.7,8.8,8.8,9.8,11.0
"2012.06",9.3,9.1,7.6,8.6,9.8,9.3,9.8,9.9,-,10.1,8.4,9.2,9.3,8.2,8.5,8.6,9.6,9.2
"2012.07",9.4,9.2,8.0,8.3,9.6,9.7,9.7,10.1,-,10.2,8.1,10.0,10.0,8.7,8.6,9.3,9.6,9.8
"2012.08",9.7,9.5,8.4,8.9,10.1,9.8,9.8,11.0,10.4,10.7,8.2,10.0,9.9,8.9,8.9,9.1,10.0,9.9
"2012.09",10.1,9.6,8.7,9.1,10.5,10.6,10.7,11.6,10.2,11.2,9.0,10.1,10.6,8.7,9.3,9.5,10.5,10.5
"2012.10",9.8,9.4,8.6,8.8,10.4,10.2,10.0,11.2,11.0,10.7,8.3,10.3,10.0,9.0,9.1,9.2,10.5,10.2
"2012.11",9.3,9.1,8.1,8.5,9.7,9.1,10.2,11.0,9.6,9.9,7.7,9.0,9.9,8.7,9.1,8.9,9.9,10.3
"2012.12",8.0,7.9,6.7,6.7,8.4,7.8,8.8,8.8,11.5,8.8,6.8,7.7,8.4,6.8,7.3,8.0,8.2,9.7
"2013.01",10.3,10.0,8.5,9.3,10.6,10.5,11.1,11.7,11.9,11.1,8.5,10.1,11.4,9.9,10.0,9.8,10.9,10.7
"2013.02",9.5,9.2,7.9,8.7,10.1,9.4,10.4,10.6,11.9,10.3,7.3,9.7,10.4,8.3,9.4,9.1,9.7,9.5
"2013.03",9.0,8.6,7.7,8.0,9.6,9.3,9.3,10.1,9.0,9.9,7.7,9.2,9.5,8.3,8.4,8.6,9.0,9.3
"2013.04",8.9,8.7,7.6,8.3,9.0,9.2,9.7,10.3,8.2,9.4,7.4,9.2,9.4,8.1,8.2,8.3,9.2,9.3
"2013.05",8.3,8.0,7.0,7.6,8.5,8.5,8.8,9.6,8.8,9.0,6.8,8.1,8.7,7.9,7.6,8.2,8.6,8.2
"2013.06",8.0,7.9,6.9,7.0,8.2,8.3,8.8,8.6,9.0,8.6,6.8,8.4,8.4,7.2,7.4,7.4,8.3,8.4
"2013.07",8.4,8.0,7.1,7.8,9.0,8.1,9.2,9.7,10.3,9.0,7.4,9.2,9.2,7.4,7.8,8.3,8.8,9.0
"2013.08",8.5,8.3,7.3,7.5,9.1,8.3,9.3,9.6,9.5,9.2,6.9,8.6,9.1,7.4,8.2,8.0,8.6,8.8
"2013.09",8.9,8.6,8.0,7.8,9.1,9.0,9.7,10.6,11.9,9.6,7.1,9.0,9.3,8.2,8.6,8.6,9.2,10.3
"2013.10",8.4,8.2,7.5,8.0,8.9,8.1,9.2,9.7,8.8,8.8,7.1,8.2,8.9,7.7,7.8,8.2,8.9,9.1
"2013.11",8.1,8.2,7.0,6.8,8.4,8.2,8.5,9.5,9.2,8.7,6.9,8.6,8.3,6.9,7.8,7.8,8.4,9.2
"2013.12",7.4,7.2,6.4,6.6,7.8,7.6,7.5,8.8,6.6,8.1,6.5,7.3,8.0,6.6,6.5,7.1,7.9,7.8
"2014.01",9.6,9.5,8.3,8.6,9.8,10.3,10.2,11.0,10.3,10.1,7.7,9.9,10.0,9.2,8.9,9.5,9.8,10.6
"2014.02",9.5,9.0,8.0,8.6,10.0,9.4,10.6,11.2,10.0,10.0,7.5,9.5,10.5,8.6,8.9,9.2,10.4,10.5
"2014.03",8.8,8.6,7.4,7.8,9.1,9.0,9.3,10.2,10.2,9.6,7.3,9.1,9.0,7.8,8.2,8.7,9.4,9.5
"2014.04",8.9,8.7,7.9,8.1,9.6,9.2,9.7,10.8,10.7,9.5,7.0,8.8,9.1,7.6,7.8,8.8,9.4,9.9
"2014.05",8.3,8.1,7.4,7.7,8.7,8.1,9.0,10.0,9.0,8.9,6.9,8.0,8.6,7.2,7.5,7.7,8.7,8.6
"2014.06",8.2,7.8,7.2,7.7,8.3,8.2,8.6,9.2,8.9,8.9,6.9,8.5,8.7,7.3,7.5,7.8,8.8,9.1
"2014.07",8.4,8.2,7.4,7.8,8.9,8.4,9.0,9.6,10.4,9.1,7.0,8.5,9.2,7.4,7.8,8.0,8.6,8.7
"2014.08",8.5,8.5,7.7,7.2,9.2,8.7,8.9,9.6,11.7,9.0,6.8,8.6,8.9,7.6,7.6,7.9,8.7,9.6
"2014.09",9.1,9.0,7.9,8.4,9.5,9.2,9.5,10.4,11.2,9.8,7.0,9.1,9.0,8.2,8.0,8.4,9.6,9.7
"2014.10",8.4,8.3,7.5,7.8,8.7,8.7,8.8,10.1,11.6,9.1,7.1,8.1,8.2,7.7,7.8,7.9,8.9,9.7
"2014.11",7.8,7.6,6.9,7.1,8.2,7.6,8.6,9.2,10.3,8.3,6.4,7.6,7.7,6.9,7.3,7.4,7.9,7.7
"2014.12",7.6,7.4,6.6,6.9,8.2,7.6,8.0,8.9,7.7,8.2,6.2,7.0,8.2,6.5,6.9,7.5,7.7,7.9
"2015.01",9.7,9.5,8.7,8.9,10.0,9.9,10.4,11.2,15.6,10.3,8.0,9.7,9.8,9.0,9.4,9.5,9.7,10.4
"2015.02",9.2,8.7,7.9,8.2,9.6,9.3,9.8,10.6,14.2,9.9,7.0,9.2,9.9,8.5,8.8,9.0,9.5,10.0
"2015.03",9.3,9.0,8.2,8.9,9.3,9.1,10.1,10.7,13.9,10.0,8.1,9.5,10.1,8.1,8.6,9.3,9.6,9.9
"2015.04",9.1,8.9,8.1,8.1,9.3,8.8,9.5,11.0,14.9,9.7,7.8,8.6,9.5,8.4,8.4,8.8,9.7,9.3
"2015.05",8.5,8.3,7.3,7.8,8.7,8.2,9.1,9.7,14.0,9.0,6.9,8.4,9.4,7.4,7.9,8.1,8.6,8.1
"2015.06",8.5,8.4,7.5,7.6,8.5,8.0,9.1,9.9,16.0,9.2,7.0,8.6,9.0,7.4,7.3,8.0,8.8,9.5
"2015.07",8.5,8.2,7.5,7.9,9.0,8.3,9.0,10.9,14.2,9.0,6.8,8.6,8.7,7.6,7.6,8.0,8.6,9.1
"2015.08",8.1,8.1,7.2,7.5,8.3,8.1,8.5,9.0,14.3,8.8,6.7,8.0,8.6,6.7,7.7,7.8,8.0,8.7
"2015.09",8.7,8.4,8.0,8.0,9.0,9.0,9.0,9.9,15.5,9.3,7.0,8.7,8.9,7.3,8.1,8.6,9.1,8.4
"2015.10",8.5,8.1,7.7,7.4,8.6,8.4,9.0,9.8,14.2,9.0,7.1,8.8,8.9,7.4,7.9,8.3,9.0,10.0
"2015.11",8.0,7.9,7.3,7.5,8.1,8.0,8.4,9.3,14.6,8.4,6.5,8.2,8.5,6.8,7.4,7.7,8.2,8.8
"2015.12",7.4,7.1,6.5,6.8,7.8,6.9,7.3,9.2,14.6,8.0,6.5,7.3,7.4,6.5,6.6,7.0,7.5,7.8
"2016.01",9.1,8.9,8.3,8.6,9.3,9.7,8.8,10.0,15.9,9.6,6.9,9.5,9.7,8.4,9.0,8.8,9.2,9.9
"2016.02",8.6,8.2,8.0,7.9,8.8,8.5,8.8,10.1,16.2,9.1,7.3,8.9,9.3,7.7,8.2,8.2,8.8,9.6
"2016.03",8.8,8.6,8.1,8.0,8.7,8.6,9.4,10.2,16.2,9.3,7.4,9.2,9.4,7.4,8.3,8.6,9.0,9.8
"2016.04",8.4,8.1,7.7,7.9,8.8,8.6,8.7,10.2,15.1,8.9,6.7,7.8,8.7,7.2,7.7,8.3,8.7,9.2
"2016.05",7.9,7.7,7.0,7.5,8.0,7.9,8.0,9.7,13.6,8.5,6.2,8.3,8.0,7.2,6.9,7.7,8.3,9.2
"2016.06",7.8,7.7,6.9,7.4,7.9,7.4,8.5,8.7,15.7,8.4,6.5,7.5,8.4,6.9,7.3,7.7,7.8,8.0
"2016.07",7.8,7.7,6.7,6.9,8.2,7.7,8.2,8.9,13.3,8.5,6.6,8.3,8.4,6.6,7.1,7.5,7.8,8.4
"2016.08",7.8,7.4,7.2,7.6,7.9,7.5,8.1,9.1,13.7,8.4,6.6,8.4,7.9,6.5,7.5,7.5,8.0,9.2
"2016.09",8.2,7.8,7.4,7.9,8.6,7.9,9.0,10.2,15.0,8.8,6.7,8.1,8.6,7.0,7.2,7.8,8.5,8.7
"2016.10",7.3,7.1,6.5,6.7,7.2,7.6,7.7,9.3,13.2,7.6,6.0,7.4,7.5,6.2,7.0,7.4,7.4,8.2
"2016.11",7.2,6.9,6.9,6.8,7.6,7.2,7.3,8.6,14.0,7.7,6.3,7.6,7.7,6.0,6.8,6.8,7.5,7.7
"2016.12",6.3,6.1,5.7,5.9,6.4,6.5,6.7,7.5,12.0,6.8,5.6,6.0,6.7,5.2,5.8,6.1,6.4,7.2
"2017.01",8.0,7.7,7.1,7.4,8.0,8.3,7.9,9.5,16.2,8.5,6.4,7.9,8.7,7.2,8.2,8.0,8.2,8.9
"2017.02",7.8,7.5,7.0,7.3,7.8,7.7,8.9,8.4,13.8,8.3,6.5,8.0,8.3,7.2,6.9,7.3,7.8,8.1
"2017.03",7.6,7.4,6.8,7.2,7.7,7.7,8.1,9.0,14.4,8.0,6.0,7.9,8.3,6.7,7.5,7.3,7.7,8.4
"2017.04",7.2,6.9,6.4,6.7,7.1,7.1,7.4,8.9,13.3,7.7,6.1,7.4,7.8,6.2,6.7,6.8,7.6,8.0
"2017.05",7.0,6.6,6.3,6.8,6.9,6.9,7.1,7.8,13.9,7.5,5.8,7.3,7.4,6.1,6.1,6.9,7.2,7.8
"2017.06",6.9,6.7,6.3,6.6,7.1,7.1,7.0,7.5,12.7,7.2,5.6,7.2,7.2,6.2,6.3,6.3,6.9,7.7
"2017.07",6.8,6.5,5.8,6.0,7.0,6.7,7.3,7.7,12.2,7.2,5.7,7.0,7.3,6.0,6.4,6.7,6.9,7.2
"2017.08",6.9,6.6,6.1,6.3,7.1,6.2,7.5,8.3,14.1,7.3,6.3,7.3,7.6,6.0,6.2,6.7,7.3,7.4
"2017.09",7.1,6.9,6.3,6.3,7.4,6.8,7.1,8.2,14.6,7.6,6.0,7.5,7.8,6.3,6.8,6.8,7.2,8.8
"2017.10",6.4,6.1,6.0,6.0,6.4,6.8,6.4,8.0,12.9,6.8,5.5,6.1,6.5,5.5,6.1,6.1,6.5,7.5
"2017.11",6.4,6.2,5.7,6.0,6.5,6.2,6.3,7.7,11.8,6.8,5.7,6.9,6.9,5.7,6.0,6.1,6.3,7.8
"2017.12",5.8,5.7,5.2,5.3,5.3,5.9,5.9,6.1,12.0,6.2,4.6,5.9,6.2,4.9,5.5,5.6,5.8,6.5
"2018.01",7.4,6.9,6.4,6.8,7.7,7.3,7.4,8.2,14.6,8.1,6.7,7.8,8.0,6.4,6.7,6.9,7.3,8.5
"2018.02",7.0,6.5,6.4,6.6,7.5,6.9,7.0,7.5,14.0,7.4,6.6,7.7,7.7,6.5,6.8,6.5,7.2,7.5
"2018.03",6.9,6.4,6.2,6.4,7.1,7.0,6.5,8.1,13.0,7.3,5.6,7.1,7.7,5.7,6.7,6.8,7.1,8.1
"2018.04",6.6,6.2,5.9,6.2,7.1,6.8,6.5,7.6,12.7,7.0,5.8,7.0,6.9,5.7,6.3,6.0,6.5,7.1
"2018.05",6.4,6.0,5.7,6.1,6.6,6.5,6.8,7.0,12.0,6.9,5.2,6.5,6.8,5.3,6.0,6.2,6.7,7.1
"2018.06",6.3,5.8,5.9,5.9,6.8,6.1,6.5,6.9,11.3,6.7,5.0,6.5,6.6,5.3,5.8,6.1,6.1,7.3
"2018.07",6.2,5.9,5.2,5.6,6.6,5.8,6.0,6.9,13.5,6.7,5.3,7.1,6.7,5.2,5.7,5.9,6.2,7.2
"2018.08",6.3,6.0,5.5,5.7,6.8,6.4,6.0,7.1,10.9,6.7,5.4,6.5,6.7,5.4,5.7,6.0,6.3,7.1
"2018.09",6.2,5.9,5.3,5.5,6.8,6.2,5.8,6.9,11.7,6.7,5.5,6.4,6.9,5.4,5.9,5.6,5.8,7.1
"2018.10",6.1,5.7,5.3,5.5,6.8,5.7,5.6,6.8,11.8,6.7,5.2,6.0,6.2,5.2,5.8,5.6,6.0,7.1
"2018.11",6.0,5.8,5.1,5.3,6.8,5.5,6.2,6.6,13.2,6.4,4.8,6.2,6.4,5.2,5.5,5.7,6.0,7.4
"2018.12",5.2,5.0,4.4,4.8,6.0,5.0,5.2,5.3,10.8,5.7,4.4,5.4,5.4,4.1,5.0,5.1,4.9,5.9
"2019.01",6.9,6.4,5.7,6.0,7.8,6.3,6.6,7.8,14.7,7.6,6.6,7.1,7.4,5.5,7.0,6.5,7.1,8.1
"2019.02",6.5,6.2,5.6,6.0,6.9,6.3,6.3,7.2,13.8,7.1,5.5,6.4,7.2,5.1,6.4,6.0,6.7,7.5
"2019.03",6.2,5.9,5.4,5.9,6.8,5.8,6.5,6.8,13.0,6.6,5.6,6.4,6.6,5.2,6.0,6.1,5.8,7.3
"2019.04",6.2,5.9,5.3,5.5,6.6,6.1,6.1,7.2,12.2,6.5,5.8,6.4,6.8,5.4,6.0,5.6,6.1,7.5
"2019.05",5.8,5.6,5.1,5.3,6.4,5.7,5.8,6.5,12.6,6.2,5.4,5.7,6.1,5.1,5.9,5.2,5.5,6.2
"2019.06",5.7,5.5,4.9,5.2,5.9,5.8,5.6,6.2,10.5,6.2,5.1,5.5,6.2,4.9,5.5,5.6,5.3,5.9
"2019.07",5.8,5.6,4.8,5.1,6.1,5.9,5.4,6.3,11.2,6.3,5.4,6.1,6.3,4.5,5.8,5.3,5.5,6.6
"2019.08",5.6,5.3,4.8,5.1,6.2,5.6,5.3,6.1,10.1,6.1,5.3,5.6,6.0,4.8,5.5,4.9,5.3,6.3
"2019.09",5.7,5.5,4.8,5.4,5.9,5.6,5.5,6.4,10.3,6.3,4.8,5.3,5.6,5.0,5.8,5.1,5.7,6.6
"2019.10",5.9,5.6,5.0,5.6,6.3,6.0,5.5,6.8,11.4,6.4,5.5,5.8,5.9,4.9,5.6,5.5,5.8,6.7
"2019.11",5.6,5.3,4.8,5.5,5.9,5.6,5.3,6.3,11.2,6.1,5.3,5.2,5.9,4.9,5.4,5.3,5.4,6.4
"2019.12",4.9,4.5,4.3,4.6,5.2,4.6,4.8,5.5,9.5,5.3,4.8,4.9,5.1,4.1,4.9,4.2,4.7,6.4
"2020.01",6.1,5.8,5.5,5.4,6.2,5.7,5.9,7.3,12.9,6.7,5.6,6.3,6.7,4.9,6.1,5.7,5.8,7.7
"2020.02",5.6,5.2,4.6,5.1,5.7,5.3,5.8,5.7,11.3,6.2,5.4,5.8,5.9,4.6,5.6,5.4,5.5,6.7
"2020.03",5.6,5.1,4.7,4.8,5.9,5.4,5.3,6.1,11.3,6.1,5.6,5.4,6.2,4.8,5.8,5.2,5.3,6.0
"2020.04",5.5,5.2,4.6,5.0,5.9,5.2,5.1,6.4,11.2,6.0,5.5,5.7,6.2,5.0,5.2,5.2,5.4,6.2
"2020.05",5.3,4.9,4.6,4.6,5.5,4.9,5.1,5.7,8.6,5.9,5.0,5.4,5.4,4.5,5.2,4.9,5.0,5.5
"2020.06",5.3,5.0,4.5,4.8,5.4,4.9,5.0,5.3,9.7,5.8,5.4,5.5,5.7,4.1,5.1,4.7,5.1,5.9
"2020.07",5.3,4.9,4.5,4.9,5.6,5.0,4.5,6.2,10.6,5.8,4.8,5.3,5.8,4.4,5.6,4.7,5.2,5.9
"2020.08",5.1,4.8,4.3,4.4,5.4,4.9,5.1,5.7,9.5,5.7,4.6,5.4,5.6,4.6,5.3,4.6,4.8,5.9
"2020.09",5.6,5.3,5.0,4.8,5.5,5.4,5.4,6.0,8.9,6.2,5.4,5.5,5.8,4.7,5.4,5.2,5.6,6.2
"2020.10",5.0,4.8,4.2,4.4,5.1,4.9,4.9,5.5,9.6,5.6,5.0,5.3,5.1,4.2,4.8,4.8,4.7,5.4
"2020.11",4.8,4.4,3.8,3.9,5.0,4.6,4.9,5.0,8.9,5.3,4.7,4.8,5.3,4.3,4.8,4.4,4.4,5.0
"2020.12",4.5,4.3,3.6,3.5,4.7,4.6,4.4,4.9,8.1,5.2,4.7,4.7,4.4,4.2,4.4,3.9,4.1,5.4
"2021.01",5.7,5.4,4.7,4.9,5.9,6.0,5.4,5.9,11.3,6.4,5.7,5.7,5.8,4.8,5.7,5.1,5.4,6.3
"2021.02",5.4,5.0,4.3,4.7,5.5,6.1,5.3,5.8,10.7,6.1,5.0,5.4,5.6,4.6,4.8,5.0,5.2,6.0
"2021.03",5.5,5.2,4.7,4.6,5.3,5.6,5.8,5.8,11.9,6.1,5.3,5.4,6.0,4.3,4.8,5.1,5.1,7.0
"2021.04",5.4,5.1,4.7,4.6,5.4,5.6,5.5,5.8,10.4,6.1,4.7,5.6,5.5,4.6,4.6,5.0,4.8,5.9
"2021.05",5.0,5.0,4.2,4.7,5.0,5.6,5.1,5.5,8.8,5.5,4.4,5.1,5.0,4.1,4.7,4.5,4.8,5.6
"2021.06",5.1,4.9,4.6,4.5,4.9,5.8,5.4,5.6,9.4,5.6,4.7,5.2,5.2,4.2,4.5,4.6,4.6,5.8
"2021.07",5.1,4.7,4.3,4.5,5.1,5.8,5.1,5.4,10.2,5.8,5.2,4.9,5.4,4.3,4.8,4.7,4.9,5.1
"2021.08",5.1,4.8,4.6,4.7,5.1,5.5,4.8,5.5,9.4,5.7,5.0,5.5,5.3,4.0,4.7,4.8,4.7,4.8
"2021.09",5.2,4.8,4.5,4.6,5.5,6.0,5.3,5.6,10.2,5.7,4.7,5.0,5.5,4.3,4.7,4.7,4.9,6.2
"2021.10",4.8,4.4,4.2,4.4,5.0,4.9,4.8,5.3,10.2,5.3,4.8,4.9,4.5,3.9,4.1,4.0,4.4,5.8
"2021.11",4.7,4.5,3.8,4.1,4.9,5.6,4.7,4.9,8.7,5.2,4.7,4.8,4.8,3.7,4.3,4.5,4.2,4.6
"2021.12",3.9,3.8,3.1,3.4,3.9,3.9,4.1,4.3,7.2,4.6,3.7,4.1,4.0,3.5,3.5,3.5,3.5,3.8
"2022.01",5.7,5.4,5.1,5.0,5.6,6.0,5.9,5.5,10.2,6.5,5.4,5.7,5.5,4.6,5.2,5.0,4.7,6.4
"2022.02",5.3,4.8,4.6,4.4,5.3,5.9,5.9,5.4,10.5,6.1,4.9,5.3,5.1,4.3,4.7,4.6,4.8,5.9
"2022.03",5.3,5.0,4.5,4.9,5.1,5.4,5.2,5.5,9.7,6.1,5.0,5.0,5.5,4.1,4.5,4.8,4.6,5.6
"2022.04",5.0,4.7,4.6,4.5,5.3,5.3,5.3,5.1,8.8,5.7,4.5,4.6,5.0,4.0,4.4,4.5,4.5,5.9
"2022.05",4.6,4.3,4.2,4.4,4.9,5.0,5.0,4.4,7.9,5.2,4.4,4.4,4.4,3.5,4.1,4.4,4.1,5.0
"2022.06",4.5,4.1,4.1,3.8,4.5,4.8,4.8,4.8,8.0,5.2,4.9,4.3,4.3,4.1,3.8,3.9,3.9,4.5
"2022.07",4.7,4.4,4.1,4.1,4.6,4.8,5.0,4.6,7.5,5.5,4.5,4.4,4.8,4.0,4.5,4.0,4.2,5.0
"2022.08",5.0,4.6,4.4,4.3,5.1,5.3,6.3,4.8,7.3,5.8,4.9,5.0,5.2,3.8,4.4,4.4,4.2,6.2
"2022.09",5.2,4.7,4.4,4.4,5.2,5.8,5.9,5.4,8.6,6.0,5.2,5.1,5.1,4.1,5.1,4.6,4.7,5.7
"2022.10",4.7,4.5,4.1,4.2,4.8,5.2,5.4,4.7,8.5,5.4,4.7,4.3,4.7,3.8,4.2,4.3,4.2,4.8
"2022.11",4.5,4.2,3.6,4.1,4.7,4.8,5.1,4.5,7.9,5.2,4.6,4.6,4.3,4.0,3.8,4.1,3.8,5.0
"2022.12",3.9,3.6,3.4,3.3,4.1,4.2,4.2,3.5,7.0,4.4,4.0,3.7,4.0,3.2,3.2,3.5,3.6,4.1
"2023.01 p)",5.3,5.1,4.7,4.6,5.7,5.2,5.6,5.6,9.6,6.1,5.2,5.2,5.2,4.6,5.1,4.7,4.5,6.0
"2023.02 p)",5.1,4.6,4.5,4.5,5.3,5.4,5.9,5.1,9.6,5.8,5.2,5.3,5.0,4.0,4.9,4.7,4.6,5.3
"2023.03 p)",4.9,4.6,4.2,4.6,4.9,4.7,5.4,5.2,7.8,5.5,4.9,5.3,4.6,3.9,4.6,4.2,4.6,5.0
"2023.04 p)",4.4,4.0,3.9,3.8,4.4,4.2,5.1,4.6,7.4,5.1,4.3,4.9,4.4,3.6,4.2,3.9,3.8,4.8
"2023.05 p)",4.4,4.1,3.9,3.5,4.6,4.2,5.1,4.6,6.6,4.9,4.2,4.6,4.4,3.5,4.2,4.0,3.9,4.4
"2023.06 p)",4.4,4.1,3.8,4.3,4.5,4.6,4.9,4.0,6.9,5.0,4.5,4.7,4.3,3.9,4.3,3.8,4.0,4.6
"2023.07 p)",4.4,4.1,3.7,3.9,4.5,4.2,5.0,4.3,6.9,5.0,4.2,4.8,4.3,3.9,4.1,3.8,4.0,5.0
"2023.08 p)",4.4,4.1,3.9,4.0,4.2,3.9,5.0,4.5,6.0,4.9,4.3,4.7,4.3,3.9,4.4,3.7,3.9,4.8
"2023.09 p)",4.4,4.2,3.8,4.0,4.6,4.2,4.4,4.8,6.4,5.0,4.5,4.5,4.6,3.5,4.5,3.8,4.1,4.5
"2023.10 p)",4.3,4.2,3.9,3.9,4.4,4.1,4.7,4.4,6.8,4.8,4.1,4.6,4.3,3.7,4.4,4.0,3.9,4.9
"2023.11 p)",4.2,4.0,3.5,3.5,4.4,3.9,4.8,4.2,6.2,4.7,3.8,4.9,4.3,3.4,3.9,3.7,3.6,4.3
"2023.12 p)",3.7,3.5,3.1,3.4,4.0,3.8,4.1,4.1,6.3,4.2,3.5,3.8,3.9,3.5,3.5,3.4,3.3,3.9
